<?xml version="1.0" encoding="utf-8" standalone="yes"?>
<dimrConfig xmlns="http://schemas.deltares.nl/dimr" xmlns:xsi="http://www.w3.org/2001/XMLSchema-instance" xsi:schemaLocation="http://schemas.deltares.nl/dimr http://content.oss.deltares.nl/schemas/dimr-1.2.xsd">
  <documentation>
    <fileVersion>1.2</fileVersion>
    <createdBy>Deltares, Coupling Team</createdBy>
    <creationDate>2018-08-28T10:06:09.3197094Z</creationDate>
  </documentation>
    
    <control>
        <parallel>
          <startGroup>
            <time>0 300 86400</time>
            <coupler name="flow2rr" />
            <start name="myNameRR" />
            <coupler name="rr2flow" />
          </startGroup>
          <start name="myNameDFlowFM" />
        </parallel>
    </control>

    <component name="myNameDFlowFM">
        <library>dflowfm</library>
        <workingDir>fm</workingDir>
        <inputFile>model4.mdu</inputFile>
    </component>
    <component name="myNameRR">
      <library>rr_dll</library>
      <workingDir>rr</workingDir>
      <inputFile>Sobek_3b.fnm</inputFile>
    </component>

    <coupler name="flow2rr">
        <sourceComponent>myNameDFlowFM</sourceComponent>
        <targetComponent>myNameRR</targetComponent>
		<item>
            <sourceName>laterals/lateralsource1/water_level</sourceName>
            <targetName>catchments/Catchment1_boundary/water_level</targetName>
        </item>
        <logger>
          <workingDir>.</workingDir>
          <outputFile>dflowfm_to_rr.nc</outputFile>
        </logger>        
    </coupler>
    <coupler name="rr2flow">
        <sourceComponent>myNameRR</sourceComponent>
        <targetComponent>myNameDFlowFM</targetComponent>
        <item>
          <sourceName>catchments/Catchment1_boundary/water_discharge</sourceName>
          <targetName>laterals/lateralsource1/water_discharge</targetName>
        </item>
        <item>
          <sourceName>catchments/Catchment2_boundary/water_discharge</sourceName>
          <targetName>laterals/lateralsource2/water_discharge</targetName>
        </item>
        <logger>
          <workingDir>.</workingDir>
          <outputFile>rr_to_dflowfm.nc</outputFile>
        </logger>
    </coupler>
</dimrConfig>
